{
 "actions": [],
 "allow_rename": 1,
 "creation": "2022-02-16 11:45:07.200407",
 "doctype": "DocType",
 "editable_grid": 1,
 "engine": "InnoDB",
 "field_order": [
  "course"
 ],
 "fields": [
  {
   "fieldname": "course",
   "fieldtype": "Link",
   "in_list_view": 1,
   "label": "Course",
   "options": "LMS Course"
  }
 ],
 "index_web_pages_for_search": 1,
 "istable": 1,
 "links": [],
 "modified": "2022-02-16 11:48:30.964916",
 "modified_by": "Administrator",
 "module": "LMS",
 "name": "Related Courses",
 "owner": "Administrator",
 "permissions": [],
 "sort_field": "modified",
 "sort_order": "DESC",
 "states": []
}