{
 "actions": [],
 "creation": "2021-06-07 14:19:23.683323",
 "doctype": "DocType",
 "editable_grid": 1,
 "engine": "InnoDB",
 "field_order": [
  "question",
  "section_break_fztv",
  "question_name",
  "answer",
  "column_break_flus",
  "marks",
  "marks_out_of",
  "is_correct"
 ],
 "fields": [
  {
   "fieldname": "question",
   "fieldtype": "Text",
   "in_list_view": 1,
   "label": "Question",
   "read_only": 1
  },
  {
   "fieldname": "answer",
   "fieldtype": "Small Text",
   "in_list_view": 1,
   "label": "Users Response",
   "read_only": 1
  },
  {
   "default": "0",
   "fieldname": "is_correct",
   "fieldtype": "Check",
   "in_list_view": 1,
   "label": "Is Correct"
  },
  {
   "fieldname": "section_break_fztv",
   "fieldtype": "Section Break"
  },
  {
   "fieldname": "question_name",
   "fieldtype": "Link",
   "label": "Question Name",
   "options": "LMS Question"
  },
  {
   "fieldname": "column_break_flus",
   "fieldtype": "Column Break"
  },
  {
   "fieldname": "marks",
   "fieldtype": "Int",
   "in_list_view": 1,
   "label": "Marks"
  },
  {
   "fieldname": "marks_out_of",
   "fieldtype": "Int",
   "in_list_view": 1,
   "label": "Marks out of",
   "read_only": 1
  }
 ],
 "index_web_pages_for_search": 1,
 "istable": 1,
 "links": [],
 "modified": "2024-10-07 17:28:38.597472",
 "modified_by": "Administrator",
 "module": "LMS",
 "name": "LMS Quiz Result",
 "owner": "Administrator",
 "permissions": [],
 "sort_field": "modified",
 "sort_order": "DESC",
 "states": [],
 "track_changes": 1
}