{
 "attach_print": 0,
 "channel": "Email",
 "creation": "2022-06-03 11:51:02.681803",
 "date_changed": "date",
 "days_in_advance": 1,
 "docstatus": 0,
 "doctype": "Notification",
 "document_type": "LMS Certificate Request",
 "enabled": 1,
 "event": "Days Before",
 "idx": 0,
 "is_standard": 1,
 "message": "<p> {{ _(\"Hey {0}\").format(doc.member_name) }} </p>\n<br>\n<p> {{ _('Your evaluation for the course {0} has been scheduled on {1} at {2} {3}.').format(doc.course_title, frappe.utils.format_date(doc.date, \"medium\"), frappe.utils.format_time(doc.start_time, \"short\"), doc.timezone) }}</p>\n<br>\n<p> {{ _(\"{0} is your evaluator\").format(doc.evaluator_name) }} </p>\n<br>\n<p> {{ _(\"Please prepare well and be on time for the evaluations.\") }} </p>\n",
 "message_type": "HTML",
 "modified": "2024-09-05 16:33:42.212842",
 "modified_by": "Administrator",
 "module": "LMS",
 "name": "Certificate Request Reminder",
 "owner": "Administrator",
 "recipients": [
  {
   "receiver_by_document_field": "member"
  },
  {
   "receiver_by_document_field": "evaluator"
  }
 ],
 "send_system_notification": 0,
 "send_to_all_assignees": 0,
 "subject": "Reminder for Certificate Evaluation"
}