{
 "actions": [],
 "allow_rename": 1,
 "creation": "2024-11-18 12:27:37.030302",
 "doctype": "DocType",
 "editable_grid": 1,
 "engine": "InnoDB",
 "field_order": [
  "course",
  "course_title"
 ],
 "fields": [
  {
   "fieldname": "course",
   "fieldtype": "Link",
   "in_list_view": 1,
   "label": "Course",
   "options": "LMS Course",
   "reqd": 1
  },
  {
   "fetch_from": "course.title",
   "fieldname": "course_title",
   "fieldtype": "Data",
   "in_list_view": 1,
   "label": "Course Title",
   "read_only": 1
  }
 ],
 "index_web_pages_for_search": 1,
 "istable": 1,
 "links": [],
 "modified": "2024-11-18 12:43:46.800199",
 "modified_by": "Administrator",
 "module": "LMS",
 "name": "LMS Program Course",
 "owner": "Administrator",
 "permissions": [],
 "sort_field": "creation",
 "sort_order": "DESC",
 "states": []
}