{
 "actions": [],
 "allow_rename": 1,
 "autoname": "hash",
 "creation": "2021-12-14 14:44:06.808797",
 "doctype": "DocType",
 "editable_grid": 1,
 "engine": "InnoDB",
 "field_order": [
  "industry"
 ],
 "fields": [
  {
   "fieldname": "industry",
   "fieldtype": "Link",
   "in_list_view": 1,
   "label": "Industry",
   "options": "Industry",
   "reqd": 1
  }
 ],
 "index_web_pages_for_search": 1,
 "istable": 1,
 "links": [],
 "modified": "2021-12-21 10:07:14.537564",
 "modified_by": "Administrator",
 "module": "LMS",
 "name": "Preferred Industry",
 "naming_rule": "Random",
 "owner": "Administrator",
 "permissions": [],
 "sort_field": "modified",
 "sort_order": "DESC"
}