{
 "actions": [],
 "creation": "2021-06-07 10:48:57.994714",
 "doctype": "DocType",
 "editable_grid": 1,
 "engine": "InnoDB",
 "field_order": [
  "question",
  "column_break_qcpo",
  "marks",
  "section_break_huup",
  "question_detail",
  "type"
 ],
 "fields": [
  {
   "fieldname": "question",
   "fieldtype": "Link",
   "in_list_view": 1,
   "label": "Question",
   "options": "LMS Question",
   "reqd": 1
  },
  {
   "default": "1",
   "fieldname": "marks",
   "fieldtype": "Int",
   "in_list_view": 1,
   "label": "Marks",
   "non_negative": 1,
   "reqd": 1
  },
  {
   "fetch_from": "question.question",
   "fieldname": "question_detail",
   "fieldtype": "Text",
   "in_list_view": 1,
   "label": "Question Detail",
   "read_only": 1
  },
  {
   "fieldname": "column_break_qcpo",
   "fieldtype": "Column Break"
  },
  {
   "fieldname": "section_break_huup",
   "fieldtype": "Section Break"
  },
  {
   "fetch_from": "question.type",
   "fieldname": "type",
   "fieldtype": "Select",
   "in_list_view": 1,
   "label": "Type",
   "options": "Choices\nUser Input\nOpen Ended",
   "read_only": 1
  }
 ],
 "index_web_pages_for_search": 1,
 "istable": 1,
 "links": [],
 "modified": "2024-10-07 15:01:38.800906",
 "modified_by": "Administrator",
 "module": "LMS",
 "name": "LMS Quiz Question",
 "owner": "Administrator",
 "permissions": [],
 "sort_field": "modified",
 "sort_order": "DESC",
 "states": [],
 "track_changes": 1
}