{
 "actions": [],
 "allow_rename": 1,
 "creation": "2023-09-11 11:53:16.253740",
 "default_view": "List",
 "doctype": "DocType",
 "editable_grid": 1,
 "engine": "InnoDB",
 "field_order": [
  "country"
 ],
 "fields": [
  {
   "fieldname": "country",
   "fieldtype": "Link",
   "in_list_view": 1,
   "label": "Country",
   "options": "Country"
  }
 ],
 "index_web_pages_for_search": 1,
 "istable": 1,
 "links": [],
 "modified": "2023-09-11 12:04:56.048632",
 "modified_by": "Administrator",
 "module": "LMS",
 "name": "Payment Country",
 "owner": "Administrator",
 "permissions": [],
 "sort_field": "modified",
 "sort_order": "DESC",
 "states": []
}