{
 "actions": [],
 "autoname": "autoincrement",
 "creation": "2022-11-09 16:23:26.454527",
 "doctype": "DocType",
 "editable_grid": 1,
 "engine": "InnoDB",
 "field_order": [
  "course",
  "title",
  "evaluator"
 ],
 "fields": [
  {
   "fieldname": "course",
   "fieldtype": "Link",
   "in_list_view": 1,
   "label": "Course",
   "options": "LMS Course",
   "reqd": 1
  },
  {
   "fetch_from": "course.title",
   "fieldname": "title",
   "fieldtype": "Data",
   "in_list_view": 1,
   "label": "Course Title",
   "read_only": 1
  },
  {
   "fieldname": "evaluator",
   "fieldtype": "Link",
   "in_list_view": 1,
   "label": "Evaluator",
   "options": "Course Evaluator"
  }
 ],
 "index_web_pages_for_search": 1,
 "istable": 1,
 "links": [],
 "modified": "2023-08-28 10:03:02.960844",
 "modified_by": "Administrator",
 "module": "LMS",
 "name": "Batch Course",
 "naming_rule": "Autoincrement",
 "owner": "Administrator",
 "permissions": [],
 "sort_field": "modified",
 "sort_order": "DESC",
 "states": []
}