{
 "actions": [],
 "allow_rename": 1,
 "creation": "2024-11-18 12:29:13.615014",
 "doctype": "DocType",
 "editable_grid": 1,
 "engine": "InnoDB",
 "field_order": [
  "member",
  "full_name",
  "progress"
 ],
 "fields": [
  {
   "fieldname": "member",
   "fieldtype": "Link",
   "in_list_view": 1,
   "label": "Member",
   "options": "User",
   "reqd": 1
  },
  {
   "fetch_from": "member.full_name",
   "fieldname": "full_name",
   "fieldtype": "Data",
   "in_list_view": 1,
   "label": "Full Name",
   "read_only": 1
  },
  {
   "default": "0",
   "fieldname": "progress",
   "fieldtype": "Int",
   "in_list_view": 1,
   "label": "Progress"
  }
 ],
 "index_web_pages_for_search": 1,
 "istable": 1,
 "links": [],
 "modified": "2024-11-21 12:51:31.882576",
 "modified_by": "Administrator",
 "module": "LMS",
 "name": "LMS Program Member",
 "owner": "Administrator",
 "permissions": [],
 "sort_field": "creation",
 "sort_order": "DESC",
 "states": []
}