{
 "based_on": "issue_date",
 "chart_name": "Certification",
 "chart_type": "Count",
 "creation": "2025-04-28 17:47:28.517149",
 "docstatus": 0,
 "doctype": "Dashboard Chart",
 "document_type": "LMS Certificate",
 "dynamic_filters_json": "[]",
 "filters_json": "[[\"LMS Certificate\",\"published\",\"=\",1,false]]",
 "group_by_type": "Count",
 "idx": 0,
 "is_public": 1,
 "is_standard": 1,
 "modified": "2025-04-28 17:47:28.517149",
 "modified_by": "sayali@frappe.io",
 "module": "LMS",
 "name": "Certification",
 "number_of_groups": 0,
 "owner": "sayali@frappe.io",
 "parent_document_type": "",
 "roles": [],
 "source": "",
 "time_interval": "Daily",
 "timeseries": 1,
 "timespan": "Last Month",
 "type": "Line",
 "use_report_chart": 0,
 "value_based_on": "",
 "y_axis": []
}
