{
 "actions": [],
 "allow_rename": 1,
 "autoname": "hash",
 "creation": "2021-12-07 12:20:37.143096",
 "doctype": "DocType",
 "editable_grid": 1,
 "engine": "InnoDB",
 "field_order": [
  "certification_name",
  "organization",
  "description",
  "column_break_4",
  "expire",
  "issue_date",
  "expiration_date"
 ],
 "fields": [
  {
   "fieldname": "certification_name",
   "fieldtype": "Data",
   "in_list_view": 1,
   "label": "Certification Name",
   "reqd": 1
  },
  {
   "fieldname": "organization",
   "fieldtype": "Data",
   "in_list_view": 1,
   "label": "Organization",
   "reqd": 1
  },
  {
   "fieldname": "issue_date",
   "fieldtype": "Date",
   "in_list_view": 1,
   "label": "Issue Date",
   "reqd": 1
  },
  {
   "fieldname": "description",
   "fieldtype": "Small Text",
   "label": "Description"
  },
  {
   "depends_on": "eval: !doc.expire",
   "fieldname": "expiration_date",
   "fieldtype": "Data",
   "label": "Expiration Date"
  },
  {
   "default": "0",
   "fieldname": "expire",
   "fieldtype": "Check",
   "label": "This certificate does no expire"
  },
  {
   "fieldname": "column_break_4",
   "fieldtype": "Column Break"
  }
 ],
 "index_web_pages_for_search": 1,
 "istable": 1,
 "links": [],
 "modified": "2021-12-21 10:05:43.377876",
 "modified_by": "Administrator",
 "module": "LMS",
 "name": "Certification",
 "naming_rule": "Random",
 "owner": "Administrator",
 "permissions": [],
 "sort_field": "modified",
 "sort_order": "DESC"
}