{
 "__unsaved": 1,
 "creation": "2021-08-26 10:28:55.796139",
 "docstatus": 0,
 "doctype": "Web Template",
 "fields": [
  {
   "fieldname": "title",
   "fieldtype": "Data",
   "label": "Title",
   "reqd": 1
  },
  {
   "__unsaved": 1,
   "fieldname": "subtitle",
   "fieldtype": "Small Text",
   "label": "Subtitle",
   "reqd": 0
  },
  {
   "fieldname": "courses",
   "fieldtype": "Table Break",
   "label": "Courses",
   "reqd": 0
  },
  {
   "fieldname": "course",
   "fieldtype": "Link",
   "label": "Course",
   "options": "LMS Course",
   "reqd": 0
  }
 ],
 "idx": 2,
 "modified": "2022-06-28 17:15:55.981008",
 "modified_by": "Administrator",
 "module": "LMS",
 "name": "Course Cards",
 "owner": "Administrator",
 "standard": 1,
 "template": "",
 "type": "Section"
}